id_dep;nome;deputado;partido;UF;tema_1;tema_2;tema_3;tema_4;tema_5;tema_6;tema_7;tema_8;tema_9;tema_10;tema_11;tema_12;tema_13;tema_14;tema_15;tema_16;tema_17;tema_18;tema_19;IMPEACHMENT
178864;AdailCarneiro;Adail Carneiro;phs;CE;1;1;1;1;0;0;1;1;1;1;1;1;0;1;0;1;0;1;0;1
178914;AdalbertoCavalcanti;Adalberto Cavalcanti;ptb;PE;1;1;1;1;1;1;1;1;3;1;3;1;1;3;3;1;1;1;1;0
178890;AdelmoCarneiroLeao;Adelmo Carneiro Leão;pt;MG;0;1;1;0;0;0;0;0;0;0;0;1;1;1;1;1;0;3;3;0
178968;AdelsonBarreto;Adelson Barreto;ptb;SE;1;3;1;1;1;1;1;1;1;1;0;1;1;0;0;1;1;1;1;1
178903;AdiltonSachetti;Adilton Sachetti;psb;MT;1;0;1;1;1;1;1;1;1;0;1;1;0;1;0;1;1;1;1;1
141372;AeltonFreitas;Aelton Freitas;pr;MG;1;1;1;1;1;1;1;1;1;0;1;1;1;1;1;1;0;1;1;0
160508;AfonsoFlorence;Afonso Florence;pt;BA;0;1;1;0;0;0;0;0;0;0;0;1;1;1;1;1;0;1;0;0
136811;AfonsoHamm;Afonso Hamm;pp;RS;1;1;0;1;1;1;0;0;1;0;1;1;0;0;0;1;0;1;1;1
178835;AfonsoMotta;Afonso Motta;pdt;RS;1;0;1;1;0;0;0;0;1;0;1;1;1;0;0;1;0;1;1;0
160527;AguinaldoRibeiro;Aguinaldo Ribeiro;pp;PB;1;1;1;0;3;3;1;1;1;1;1;1;0;1;1;1;0;1;1;1
178836;AlanRick;Alan Rick;prb;AC;0;1;1;1;1;1;1;0;1;0;1;1;1;1;0;1;0;1;1;1
160582;AlbertoFilho;Alberto Filho;pmdb;MA;1;1;1;1;1;1;1;1;3;1;1;1;1;1;1;1;0;1;1;1
73579;AlbertoFraga;Alberto Fraga;dem;DF;1;1;1;1;1;1;1;1;1;1;1;1;1;0;0;0;0;1;1;1
160559;AlceuMoreira;Alceu Moreira;pmdb;RS;1;0;1;1;1;1;1;1;1;0;1;1;1;1;0;1;0;1;1;1
160511;AlessandroMolon;Alessandro Molon;pt;RJ;3;1;1;0;0;0;0;0;0;0;0;1;1;1;1;1;0;1;0;0
160511;AlessandroMolon;Alessandro Molon;rede;RJ;0;3;3;3;3;NA;3;3;3;3;3;3;3;3;3;3;3;3;3;0
178875;AlexandreBaldy;Alexandre Baldy;psdb;GO;1;3;1;3;1;1;3;3;1;3;1;3;NA;0;0;1;1;1;0;1
160545;AlexandreLeite;Alexandre Leite;dem;SP;1;3;0;1;1;1;1;1;1;1;1;1;NA;0;0;1;1;1;1;1
178833;AlexandreSerfiotis;Alexandre Serfiotis;psd;RJ;0;1;0;1;1;1;1;1;1;0;0;1;3;1;0;0;0;1;0;1
178936;AlexandreValle;Alexandre Valle;prp;RJ;1;1;1;1;3;3;1;1;1;0;1;1;1;1;0;1;1;1;0;1
73458;AlexCanziani;Alex Canziani;ptb;PR;1;3;1;3;0;0;1;1;1;0;1;0;1;1;1;0;3;1;0;1
178972;AlexManente;Alex Manente;pps;SP;1;1;1;1;1;1;0;0;1;0;1;1;1;0;0;0;1;1;0;1
141454;AlfredoKaefer;Alfredo Kaefer;psdb;PR;1;3;1;1;1;1;1;1;1;0;1;1;0;0;0;1;0;1;0;1
178846;AlfredoNascimento;Alfredo Nascimento;pr;AM;1;1;1;1;3;3;1;1;1;0;1;1;3;1;1;3;3;3;3;1
74057;AlicePortugal;Alice Portugal;pcdob;BA;0;0;1;3;0;3;0;0;0;1;0;1;1;3;1;0;0;1;0;0
178927;AlielMachado;Aliel Machado;rede;PR;0;3;3;3;3;NA;3;3;3;3;3;3;3;3;3;3;3;3;3;0
178927;AlielMachado;Aliel Machado;pcdob;PR;3;1;1;0;0;0;0;0;0;1;0;1;1;1;0;0;3;1;0;0
178937;AltineuCortes;Altineu Côrtes;pr;RJ;1;1;3;1;1;1;3;1;1;0;1;1;3;1;3;1;0;1;1;1
178881;AluisioMendes;Aluisio Mendes;psdc;MA;1;1;1;0;1;1;1;0;1;0;1;1;0;1;1;0;0;0;1;0
178973;AnaPerugini;Ana Perugini;pt;SP;0;1;1;0;0;0;0;0;0;0;0;1;1;1;1;1;0;1;0;0
160551;AndersonFerreira;Anderson Ferreira;pr;PE;1;1;0;1;1;1;1;1;1;0;1;1;1;1;1;1;3;1;0;1
178831;AndreAbdon;André Abdon;prb;AP;1;1;1;1;1;1;1;0;1;0;1;1;0;1;1;0;0;1;0;1
178882;AndreFufuca;André Fufuca;pen;MA;1;0;1;1;1;1;1;1;1;1;1;1;1;1;1;1;0;1;1;1
160543;AndreMoura;Andre Moura;psc;SE;3;3;0;1;1;1;1;1;1;1;3;1;1;3;0;1;3;1;1;1
178974;AndresSanchez;Andres Sanchez;pt;SP;0;1;1;1;0;0;0;0;0;0;0;1;1;1;1;1;0;1;0;0
178837;Angelim;Angelim;pt;AC;0;NA;1;0;0;0;0;0;0;0;0;1;1;1;1;1;0;1;0;0
74212;AnibalGomes;Aníbal Gomes;pmdb;CE;1;3;1;1;1;1;1;1;3;1;3;1;0;1;1;3;3;1;3;NA
160553;AntonioBrito;Antonio Brito;ptb;BA;NA;3;1;1;0;0;1;1;1;1;1;1;NA;0;NA;0;0;1;1;0
141383;AntonioBulhoes;Antonio Bulhões;prb;SP;1;1;1;1;1;1;1;0;0;0;1;1;0;1;1;0;0;1;0;1
160530;AntonioImbassahy;Antonio Imbassahy;psdb;BA;1;1;1;1;1;1;1;1;1;0;1;1;0;0;0;0;1;1;0;1
178950;AntonioJacome;Antônio Jácome;pmn;RN;0;1;1;1;1;1;1;0;3;0;1;1;3;0;0;0;1;1;1;1
74103;AriostoHolanda;Ariosto Holanda;pros;CE;;;;;;;;;;3;3;3;3;3;3;3;3;3;3;0
73433;ArlindoChinaglia;Arlindo Chinaglia;pt;SP;0;3;1;3;0;0;0;0;0;0;0;1;1;1;1;1;0;1;0;0
73434;ArnaldoFariadeSa;Arnaldo Faria de Sá;ptb;SP;1;1;1;1;1;1;1;1;0;1;1;1;1;0;0;0;1;1;0;1
160602;ArnaldoJordy;Arnaldo Jordy;pps;PA;1;3;3;1;0;0;0;0;0;0;0;1;1;0;0;0;1;1;0;1
74291;ArnonBezerra;Arnon Bezerra;ptb;CE;1;3;3;1;1;0;1;1;1;1;1;0;3;1;1;3;3;1;3;0
160541;ArthurLira;Arthur Lira;pp;AL;1;0;1;3;1;1;1;1;1;1;1;1;0;1;1;0;3;3;3;1
160600;ArthurOliveiraMaia;Arthur Oliveira Maia;solidaried;BA;1;3;1;1;1;1;1;1;1;1;3;1;NA;0;0;3;3;1;3;1
178847;ArthurVirgilioBisneto;Arthur Virgílio Bisneto;psdb;AM;1;1;1;1;1;1;1;1;1;1;1;1;1;0;0;1;0;1;0;1
159237;AssisCarvalho;Assis Carvalho;pt;PI;1;1;1;0;3;3;0;0;0;0;0;1;3;1;1;1;0;3;0;0
74378;AssisdoCouto;Assis do Couto;pt;PR;1;0;1;NA;0;0;0;0;0;0;0;1;1;1;3;1;0;1;1;0
74090;AtilaLins;Átila Lins;psd;AM;3;1;1;1;1;1;1;3;1;3;1;1;0;1;1;3;3;1;1;1
74459;AtilaLira;Átila Lira;psb;PI;1;1;1;1;0;0;1;1;0;0;0;1;1;1;1;1;0;1;1;1
73655;AugustoCarvalho;Augusto Carvalho;solidaried;DF;1;1;0;0;0;0;1;0;1;1;0;1;1;0;0;1;1;1;1;1
160665;AugustoCoutinho;Augusto Coutinho;solidaried;PE;1;3;1;1;1;1;1;1;1;0;1;0;0;0;0;3;3;1;3;1
160512;Aureo;Aureo;solidaried;RJ;1;1;1;1;0;0;1;1;1;0;3;1;1;0;0;3;3;1;3;1
69871;Bacelar;Bacelar;ptn;BA;1;1;1;1;0;0;1;0;0;0;1;1;0;1;1;0;0;1;0;0
178975;BaleiaRossi;Baleia Rossi;pmdb;SP;1;1;1;3;1;1;1;0;1;1;1;1;1;1;1;0;1;1;1;1
178834;Bebeto;Bebeto;psb;BA;3;3;0;0;0;0;0;0;0;0;0;1;1;0;0;1;0;3;1;0
73701;BeneditadaSilva;Benedita da Silva;pt;RJ;0;1;1;3;0;0;0;0;0;0;0;1;1;1;1;1;0;1;0;0
74535;BenitoGama;Benito Gama;ptb;BA;1;1;1;1;1;1;1;1;1;1;3;1;0;0;0;1;0;1;0;1
74040;BenjaminMaranhao;Benjamin Maranhão;solidaried;PB;1;1;1;1;1;1;1;1;1;0;1;1;NA;0;0;3;3;1;3;1
178915;BetinhoGomes;Betinho Gomes;psdb;PE;1;1;1;NA;0;0;1;1;1;0;1;1;1;0;0;1;1;1;0;1
141335;BetoFaro;Beto Faro;pt;PA;0;1;1;0;0;0;0;0;0;0;0;1;1;1;1;1;0;1;0;0
73437;BetoMansur;Beto Mansur;prb;SP;1;1;1;1;1;1;1;1;1;0;1;1;0;3;1;3;3;3;3;1
178948;BetoRosado;Beto Rosado;pp;RN;1;1;1;3;1;1;1;1;1;0;1;1;0;3;0;1;0;1;1;1
178906;BetoSalame;Beto Salame;pros;PA;3;1;1;1;0;0;0;0;0;0;1;1;1;1;1;1;0;1;1;0
141513;BilacPinto;Bilac Pinto;pr;MG;1;1;1;1;1;1;1;1;1;0;1;1;1;1;1;1;0;1;1;1
160538;BohnGass;Bohn Gass;pt;RS;0;NA;1;0;0;0;0;0;0;0;0;1;1;1;1;1;0;1;0;0
74650;BonifaciodeAndrada;Bonifácio de Andrada;psdb;MG;1;1;0;1;1;1;1;1;3;1;1;1;1;3;0;0;0;1;0;1
160589;BrunaFurlan;Bruna Furlan;psdb;SP;1;3;3;1;1;1;1;1;1;1;1;1;1;3;0;1;0;1;0;1
178999;Brunny;Brunny;ptc;MG;0;1;3;0;1;1;3;0;0;0;0;3;1;1;1;0;0;1;0;0
141394;BrunoAraujo;Bruno Araújo;psdb;PE;1;1;1;1;1;1;1;1;3;1;1;1;NA;3;0;1;0;1;0;1
178976;BrunoCovas;Bruno Covas;psdb;SP;1;1;1;1;1;1;1;1;1;0;0;1;0;0;0;0;0;1;0;1
178938;CaboDaciolo;Cabo Daciolo;s.part.;RJ;0;3;0;3;0;0;0;3;0;3;0;1;3;0;0;0;1;3;0;1
178865;CaboSabino;Cabo Sabino;pr;CE;0;1;3;1;1;1;1;0;0;0;3;1;0;1;1;0;1;1;1;1
93083;CacaLeao;Cacá Leão;pp;BA;1;1;1;1;1;1;1;1;1;1;1;1;0;1;1;1;0;1;1;0
178853;Caetano;Caetano;pt;BA;0;1;1;3;0;0;0;0;0;0;0;1;1;1;1;1;0;1;0;0
178891;CaioNarcio;Caio Narcio;psdb;MG;1;1;0;1;1;1;1;1;1;0;1;1;NA;0;0;1;0;3;0;1
178829;CapitaoAugusto;Capitão Augusto;pr;SP;1;1;1;1;1;1;1;1;1;0;1;1;1;1;1;1;0;1;0;1
178958;CarlosAndrade;Carlos Andrade;phs;RR;3;1;1;3;1;1;1;1;1;1;1;3;0;1;0;1;0;3;0;1
141401;CarlosBezerra;Carlos Bezerra;pmdb;MT;1;1;1;3;0;0;1;1;3;0;1;1;1;1;1;1;0;1;1;1
178962;CarlosGomes;Carlos Gomes;prb;RS;1;0;1;1;1;1;1;0;1;0;1;1;0;1;1;1;0;1;1;1
178993;CarlosHenriqueGaguim;Carlos Henrique Gaguim;pmdb;TO;1;0;1;1;1;1;1;1;1;1;1;1;1;1;1;1;1;1;0;1
74163;CarlosManato;Carlos Manato;solidaried;ES;1;1;1;1;1;1;1;1;1;1;1;1;0;0;0;1;0;1;1;1
178900;CarlosMarun;Carlos Marun;pmdb;MS;3;0;1;1;1;1;1;1;1;1;1;1;1;1;1;1;0;1;1;1
74651;CarlosMelles;Carlos Melles;dem;MG;1;3;1;1;1;1;1;1;1;1;1;0;1;3;1;0;1;1;0;1
74262;CarlosSampaio;Carlos Sampaio;psdb;SP;3;3;3;1;1;1;1;1;3;0;1;1;1;0;0;1;0;1;0;1
141398;CarlosZarattini;Carlos Zarattini;pt;SP;1;1;1;0;0;0;0;0;0;0;0;1;3;1;1;1;0;3;0;0
164360;CarmenZanotto;Carmen Zanotto;pps;SC;1;1;1;1;0;0;0;0;1;0;1;1;1;0;0;0;1;1;0;1
178876;CelioSilveira;Célio Silveira;psdb;GO;1;0;1;1;1;1;1;1;1;1;1;1;NA;0;0;1;0;1;0;1
141405;CelsoMaldaner;Celso Maldaner;pmdb;SC;1;3;1;1;0;1;1;1;1;0;1;1;1;1;1;1;1;1;1;1
72912;CelsoPansera;Celso Pansera;pmdb;RJ;3;3;1;3;0;0;1;1;1;1;3;0;1;1;1;0;1;0;1;0
73441;CelsoRussomanno;Celso Russomanno;prb;SP;1;3;1;3;1;1;1;0;3;0;1;1;1;1;1;0;0;1;0;1
160576;CesarHalum;César Halum;prb;TO;1;1;1;1;1;1;1;1;1;0;1;1;0;1;1;1;1;1;3;1
178838;CesarMessias;César Messias;psb;AC;1;3;3;1;0;0;3;0;3;0;3;3;0;0;0;1;0;1;1;0
73720;CesarSouza;Cesar Souza;psd;SC;1;1;0;1;1;1;1;1;1;1;1;1;1;3;1;1;1;3;0;1
74171;ChicoAlencar;Chico Alencar;psol;RJ;0;0;0;0;0;NA;NA;0;0;0;0;1;1;0;0;1;0;1;0;0
141440;ChicoLopes;Chico Lopes;pcdob;CE;0;0;1;0;0;0;0;0;0;1;0;1;1;1;1;0;0;1;0;0
178928;ChristianedeSouzaYared;Christiane de Souza Yared;ptn;PR;0;1;1;1;0;0;0;0;0;0;1;1;1;0;0;0;0;1;0;1
178841;CiceroAlmeida;Cícero Almeida;psd;AL;1;3;3;3;3;NA;3;3;3;3;3;3;3;3;3;3;3;3;3;1
178841;CiceroAlmeida;Cícero Almeida;prtb;AL;3;1;1;1;1;1;1;0;3;1;1;1;1;0;0;1;0;1;1;1
178939;ClarissaGarotinho;Clarissa Garotinho;pr;RJ;1;1;3;1;0;0;0;0;0;0;0;1;1;1;0;1;0;1;0;NA
74537;ClaudioCajado;Claudio Cajado;dem;BA;3;3;1;3;1;1;1;1;3;1;1;1;3;1;1;3;1;3;3;1
141408;CleberVerde;Cleber Verde;prb;MA;1;3;1;3;1;1;1;0;1;0;1;1;1;1;1;3;3;1;3;1
178963;CovattiFilho;Covatti Filho;pp;RS;1;0;0;1;1;1;1;1;1;1;1;1;1;1;0;1;0;1;1;1
93472;CristianeBrasil;Cristiane Brasil;ptb;RJ;3;3;3;1;1;1;1;1;3;1;1;1;1;0;0;3;3;3;3;1
141411;Dagoberto;Dagoberto;pdt;MS;1;0;1;1;0;0;0;0;1;0;1;1;1;0;0;1;0;1;1;0
74467;DamiaoFeliciano;Damião Feliciano;pdt;PB;0;1;1;1;0;0;0;0;0;0;0;1;1;0;0;3;3;1;3;0
178892;DaminaPereira;Dâmina Pereira;pmn;MG;1;3;1;1;1;1;1;1;1;0;1;1;3;1;1;1;0;3;1;1
74060;DanielAlmeida;Daniel Almeida;pcdob;BA;0;0;1;0;0;0;0;0;0;1;0;1;1;1;1;0;0;1;0;0
178916;DanielCoelho;Daniel Coelho;psdb;PE;1;1;0;NA;1;1;1;NA;1;1;0;1;1;0;0;1;1;1;0;1
144523;DanielVilela;Daniel Vilela;pmdb;GO;0;3;1;1;1;1;1;0;1;1;1;1;0;1;1;1;1;1;1;1
62881;DaniloForte;Danilo Forte;pmdb;CE;3;3;0;1;1;1;1;1;1;1;1;1;0;1;0;1;0;1;1;1
160552;DanrleideDeusHinterholz;Danrlei de Deus Hinterholz;psd;RS;1;1;1;1;1;1;1;1;0;0;1;1;1;1;1;1;0;1;1;1
73891;DarcisioPerondi;Darcísio Perondi;pmdb;RS;1;0;1;0;0;0;1;1;1;0;1;1;1;1;1;1;1;1;0;1
101309;DavidsonMagalhaes;Davidson Magalhães;pcdob;BA;0;0;1;0;0;0;0;0;0;1;0;1;1;1;1;0;0;1;0;0
141413;DecioLima;Décio Lima;pt;SC;0;1;3;0;0;0;0;0;0;0;0;1;1;3;1;1;3;1;0;0
178908;DelegadoEderMauro;Delegado Éder Mauro;psd;PA;0;1;1;1;1;1;1;1;NA;0;1;1;1;0;1;1;0;1;0;1
178893;DelegadoEdsonMoreira;Delegado Edson Moreira;ptn;MG;0;1;0;1;1;1;1;1;1;0;1;1;0;1;1;0;0;1;0;1
164359;DelegadoWaldir;Delegado Waldir;psdb;GO;1;1;1;1;1;1;1;1;1;1;1;1;1;0;0;0;1;1;1;1
74172;Deley;Deley;ptb;RJ;1;NA;1;1;0;3;1;1;0;1;0;1;1;0;0;3;3;1;3;1
160588;DiegoAndrade;Diego Andrade;psd;MG;1;1;1;1;1;1;1;1;1;0;1;1;3;1;1;3;3;1;3;1
178929;DiegoGarcia;Diego Garcia;phs;PR;3;1;1;1;0;0;1;0;0;1;1;1;0;1;0;1;0;1;0;1
73768;DilceuSperafico;Dilceu Sperafico;pp;PR;1;1;1;1;1;1;1;1;1;1;1;1;1;1;1;1;0;1;1;1
160599;DimasFabiano;Dimas Fabiano;pp;MG;1;1;1;1;1;1;1;1;1;1;1;1;0;1;0;1;1;1;1;1
143632;DomingosNeto;Domingos Neto;pros;CE;1;3;1;1;0;3;1;0;1;1;1;1;NA;1;1;3;3;1;3;0
160758;DomingosSavio;Domingos Sávio;psdb;MG;1;3;0;1;1;1;1;1;1;0;1;1;NA;0;3;1;0;1;0;1
178994;DulceMiranda;Dulce Miranda;pmdb;TO;1;1;1;1;0;1;1;1;1;1;1;1;1;1;1;1;0;1;1;1
73447;EdinhoAraujo;Edinho Araújo;pmdb;SP;0;3;3;3;3;NA;3;3;3;3;3;3;3;3;3;3;3;3;3;1
141417;EdioLopes;Edio Lopes;pmdb;RR;1;3;1;1;1;1;1;1;1;1;1;1;0;1;1;1;0;1;1;0
134812;EdmilsonRodrigues;Edmilson Rodrigues;psol;PA;0;0;0;0;0;NA;NA;0;0;0;0;1;1;0;0;1;0;1;0;0
74655;EduardoBarbosa;Eduardo Barbosa;psdb;MG;1;1;0;1;0;0;1;1;1;0;1;1;1;0;0;1;0;1;1;1
92346;EduardoBolsonaro;Eduardo Bolsonaro;psc;SP;0;1;0;1;1;1;1;1;3;1;1;1;0;0;0;1;NA;1;1;1
74173;EduardoCunha;Eduardo Cunha;pmdb;RJ;NA;NA;NA;NA;NA;NA;NA;NA;;NA;NA;NA;NA;NA;NA;NA;NA;NA;NA;1
178977;EduardoCury;Eduardo Cury;psdb;SP;1;3;0;1;1;1;1;1;1;0;1;1;NA;0;0;0;1;1;0;1
141421;EduardodaFonte;Eduardo da Fonte;pp;PE;3;3;3;1;1;1;3;3;1;3;3;3;1;1;1;3;3;3;0;1
141422;EfraimFilho;Efraim Filho;dem;PB;1;1;3;3;1;1;1;1;1;1;1;0;1;0;0;0;1;1;1;1
74075;ElcioneBarbalho;Elcione Barbalho;pmdb;PA;1;1;3;3;0;0;0;0;1;1;3;1;1;1;1;3;3;3;3;0
160532;EliCorreaFilho;Eli Corrêa Filho;dem;SP;3;3;1;1;1;1;1;3;1;3;1;1;1;0;0;0;1;1;3;1
181316;ElizeuDionizio;Elizeu Dionizio;psdb;MS;1;3;3;3;3;NA;3;3;3;3;3;3;3;3;3;3;3;3;3;1
181316;ElizeuDionizio;Elizeu Dionizio;solidaried;MS;3;1;0;1;1;1;1;0;1;0;1;1;1;1;1;1;0;1;1;1
178883;ElizianeGama;Eliziane Gama;pps;MA;3;0;1;1;0;0;0;0;0;0;0;1;1;0;0;0;1;1;0;1
178883;ElizianeGama;Eliziane Gama;rede;MA;0;3;3;3;3;NA;3;3;3;3;3;3;3;3;3;3;3;3;3;1
178854;ElmarNascimento;Elmar Nascimento;dem;BA;1;1;0;1;1;1;1;1;1;1;1;1;0;3;1;0;1;1;1;1
132504;EnioVerri;Enio Verri;pt;PR;1;1;1;0;0;0;0;0;0;0;0;1;1;1;1;1;0;1;0;0
160575;ErikaKokay;Erika Kokay;pt;DF;0;1;1;0;0;0;0;0;0;0;0;1;1;3;3;1;0;1;0;0
99654;EriveltonSantana;Erivelton Santana;psc;BA;0;1;0;1;1;1;1;1;1;1;1;1;0;0;0;1;0;1;1;1
160640;ErosBiondini;Eros Biondini;ptb;MG;1;3;1;1;0;1;1;1;0;1;1;1;1;0;0;1;0;1;1;1
160649;EsperidiaoAmin;Esperidião Amin;pp;SC;0;3;0;1;1;1;0;0;1;1;1;1;0;0;0;1;0;1;0;1
178871;EvairdeMelo;Evair de Melo;pv;ES;0;1;0;1;0;1;0;1;1;0;1;1;1;1;0;1;1;1;1;1
178828;EvandroGussi;Evandro Gussi;pv;SP;1;1;3;0;0;0;1;1;1;1;0;1;3;0;0;1;0;1;0;1
178930;EvandroRoman;Evandro Roman;psd;PR;1;1;1;1;1;1;1;1;1;0;1;1;1;1;1;1;0;1;0;1
178953;ExpeditoNetto;Expedito Netto;solidaried;RO;0;1;1;1;0;1;1;1;1;0;1;1;3;0;3;1;0;3;1;1
178941;EzequielTeixeira;Ezequiel Teixeira;solidaried;RJ;1;1;1;1;1;1;1;1;1;NA;1;1;NA;0;3;1;1;1;0;1
141428;FabioFaria;Fábio Faria;psd;RN;1;1;1;NA;1;1;1;1;1;0;1;1;1;1;1;1;0;1;1;1
178905;FabioGarcia;Fabio Garcia;psb;MT;1;3;1;1;1;1;1;1;1;0;1;1;0;1;0;1;1;1;1;1
178969;FabioMitidieri;Fábio Mitidieri;psd;SE;0;1;0;1;1;1;1;1;1;0;1;1;3;1;1;1;0;1;1;0
141427;FabioRamalho;Fábio Ramalho;pv;MG;1;1;1;0;0;0;1;1;1;1;0;1;3;3;1;1;0;1;1;1
171623;FabioReis;Fabio Reis;pmdb;SE;1;3;1;1;1;1;1;1;1;1;1;1;0;1;0;1;1;1;1;1
178877;FabioSousa;Fábio Sousa;psdb;GO;1;0;1;1;1;1;1;1;1;1;3;0;NA;0;0;0;1;1;0;1
66828;FaustoPinato;Fausto Pinato;prb;SP;1;3;0;1;1;1;1;0;1;0;1;1;0;1;0;0;0;1;0;1
141430;FelipeBornier;Felipe Bornier;psd;RJ;3;1;0;1;1;1;1;1;3;1;1;1;1;0;0;1;1;1;1;1
141429;FelipeMaia;Felipe Maia;dem;RN;1;1;3;1;1;1;1;1;1;1;1;1;NA;0;0;0;1;1;1;1
141431;FernandoCoelhoFilho;Fernando Coelho Filho;psb;PE;1;1;1;1;0;0;1;1;1;0;0;1;0;1;0;1;0;1;1;1
160646;FernandoFrancischini;Fernando Francischini;solidaried;PR;3;3;1;1;1;1;1;1;3;1;3;1;1;3;3;1;0;1;1;1
163831;FernandoJordao;Fernando Jordão;pmdb;RJ;1;3;1;1;1;1;1;1;1;1;1;1;1;1;1;1;1;1;1;1
160676;FernandoTorres;Fernando Torres;psd;BA;1;1;1;1;0;0;1;1;1;1;1;1;0;1;3;3;3;1;3;0
160598;FlaviaMorais;Flávia Morais;pdt;GO;3;3;1;1;0;0;0;0;1;0;1;1;1;0;0;3;3;1;3;1
141434;FlavianoMelo;Flaviano Melo;pmdb;AC;3;3;3;1;1;1;1;1;1;1;1;1;3;1;1;0;0;3;0;1
178978;Flavinho;Flavinho;psb;SP;0;1;1;1;0;0;0;0;1;0;0;1;1;0;0;1;0;1;0;1
178907;FranciscoChapadinha;Francisco Chapadinha;psd;PA;1;1;1;1;1;3;3;3;1;3;1;3;1;3;1;1;0;1;0;1
160677;FranciscoFloriano;Francisco Floriano;pr;RJ;0;1;1;1;1;3;1;1;1;0;1;1;NA;1;1;1;0;1;1;1
129037;GabrielGuimaraes;Gabriel Guimarães;pt;MG;1;3;1;0;0;0;0;0;3;0;0;1;3;1;1;1;0;3;0;0
160669;GeneciasNoronha;Genecias Noronha;solidaried;CE;1;1;1;3;1;3;1;1;1;1;3;1;3;0;0;1;0;3;1;1
178966;GeovaniadeSa;Geovania de Sá;psdb;SC;1;1;3;1;1;1;1;1;0;0;3;1;1;0;0;1;0;1;1;1
74374;GeraldoResende;Geraldo Resende;pmdb;MS;1;0;1;1;1;1;1;1;1;0;1;1;1;3;1;1;0;1;1;1
74383;Giacobo;Giacobo;pr;PR;3;3;3;3;1;1;1;1;1;0;3;3;3;1;1;1;0;1;1;1
74270;GilbertoNascimento;Gilberto Nascimento;psc;SP;1;3;0;1;1;1;1;1;1;1;1;1;1;0;0;3;3;1;3;1
160673;GiovaniCherini;Giovani Cherini;pdt;RS;1;0;1;1;0;0;3;0;1;0;1;1;1;0;0;1;0;1;1;1
178878;GiuseppeVecci;Giuseppe Vecci;psdb;GO;1;0;3;1;1;1;1;1;1;NA;1;1;1;0;0;1;0;1;0;1
74558;GivaldoCarimbao;Givaldo Carimbão;pros;AL;3;3;1;3;0;0;1;1;1;0;1;1;0;1;1;1;3;1;0;0
178872;GivaldoVieira;Givaldo Vieira;pt;ES;1;1;1;0;0;0;0;0;0;0;0;1;1;1;1;1;0;1;0;0
152605;GlauberBraga;Glauber Braga;psb;RJ;3;0;0;0;0;0;0;0;0;0;0;1;1;0;0;0;0;1;0;0
152605;GlauberBraga;Glauber Braga;psol;RJ;;;;;;;;;;3;3;3;3;3;3;3;3;3;3;0
74419;GonzagaPatriota;Gonzaga Patriota;psb;PE;0;3;1;3;1;1;0;0;1;0;1;1;1;0;0;1;0;1;0;1
129618;GoretePereira;Gorete Pereira;pr;CE;1;1;1;1;1;1;3;3;1;3;1;3;1;1;1;1;3;1;1;0
178980;Goulart;Goulart;psd;SP;1;1;3;1;1;1;1;1;1;0;0;1;NA;3;1;1;0;1;1;1
160667;GuilhermeMussi;Guilherme Mussi;pp;SP;1;3;1;3;1;1;1;1;1;1;1;1;1;1;1;1;0;1;3;1
178964;HeitorSchuch;Heitor Schuch;psb;RS;0;3;1;1;0;0;0;0;0;0;0;1;1;0;0;1;0;1;1;1
178873;HelderSalomao;Helder Salomão;pt;ES;0;NA;1;0;0;0;0;0;0;0;0;1;1;1;1;1;0;1;0;0
178909;HelioLeite;Hélio Leite;dem;PA;1;1;1;1;1;1;1;1;1;0;1;0;0;0;0;0;1;3;0;1
73482;HenriqueFontana;Henrique Fontana;pt;RS;3;1;1;0;0;0;0;0;0;0;0;1;1;1;1;1;0;1;0;0
97707;HeraclitoFortes;Heráclito Fortes;psb;PI;1;1;1;1;NA;1;1;1;1;1;0;1;3;3;0;1;0;3;3;1
178981;HerculanoPassos;Herculano Passos;psd;SP;1;1;1;1;1;1;1;1;1;0;1;1;NA;1;1;1;0;1;0;1
73772;HermesParcianello;Hermes Parcianello;pmdb;PR;1;1;0;1;1;1;1;1;0;1;1;1;1;0;0;1;1;1;1;1
160596;HeulerCruvinel;Heuler Cruvinel;psd;GO;1;0;0;1;1;1;3;3;1;3;1;3;0;1;0;1;0;1;0;1
178884;HildoRocha;Hildo Rocha;pmdb;MA;1;0;1;1;1;1;1;1;1;1;1;1;1;3;1;0;1;0;1;1
178849;HissaAbrahao;Hissa Abrahão;pps;AM;1;1;1;3;0;0;0;0;1;0;1;1;1;3;0;0;1;1;0;1
141450;HugoLeal;Hugo Leal;pros;RJ;1;3;1;1;0;0;1;1;1;1;3;1;1;1;1;3;3;3;3;1
160674;HugoMotta;Hugo Motta;pmdb;PB;1;3;1;1;1;1;1;1;1;1;1;1;3;3;1;1;0;3;1;1
141389;IndiodaCosta;Indio da Costa;psd;RJ;3;1;1;1;1;1;1;1;3;0;1;1;NA;3;1;0;1;1;0;1
67138;IracemaPortella;Iracema Portella;pp;PI;1;1;1;1;3;1;1;1;1;1;1;1;1;1;1;1;3;1;1;1
81232;IrajaAbreu;Irajá Abreu;psd;TO;1;3;3;1;1;1;3;3;1;3;1;3;1;1;1;3;3;1;3;0
178855;IrmaoLazaro;Irmão Lazaro;psc;BA;3;3;1;1;3;1;0;1;1;0;1;1;1;0;0;0;1;1;1;1
73531;IvanValente;Ivan Valente;psol;SP;0;0;0;0;0;NA;NA;0;0;0;0;1;1;0;0;1;0;1;0;0
4931;Izalci;Izalci;psdb;DF;1;1;1;1;1;1;1;1;1;0;1;1;0;0;0;1;0;1;0;1
74665;JaimeMartins;Jaime Martins;psd;MG;1;3;1;1;1;1;1;1;1;1;1;1;3;1;1;1;1;3;1;1
74847;JairBolsonaro;Jair Bolsonaro;pp;RJ;0;1;0;1;1;1;1;1;3;1;1;1;0;0;0;1;0;1;1;1
74848;JandiraFeghali;Jandira Feghali;pcdob;RJ;0;0;1;0;0;0;0;0;0;1;0;1;1;1;1;0;0;1;0;0
73926;JaneteCapiberibe;Janete Capiberibe;psb;AP;0;3;3;3;0;0;0;0;0;0;3;1;1;3;3;1;0;1;1;0
131943;JarbasVasconcelos;Jarbas Vasconcelos;pmdb;PE;0;1;3;1;0;0;1;1;1;0;1;1;0;0;0;1;1;1;0;1
160672;JeanWyllys;Jean Wyllys;psol;RJ;0;0;0;0;0;NA;NA;0;0;0;0;1;1;0;0;1;0;1;0;0
74273;JeffersonCampos;Jefferson Campos;psd;SP;1;3;3;1;1;1;1;1;1;1;1;1;NA;0;0;1;0;1;1;1
160570;JeronimoGoergen;Jerônimo Goergen;pp;RS;1;0;1;1;1;1;1;1;1;0;1;1;1;0;0;3;3;1;3;1
178839;JessicaSales;Jéssica Sales;pmdb;AC;1;3;3;1;1;1;3;3;3;3;1;3;3;1;1;1;0;3;1;1
178842;JHC;JHC;solidaried;AL;3;1;1;1;0;1;0;0;3;0;1;1;1;0;0;0;1;1;1;1
178842;JHC;JHC;psb;AL;0;3;3;3;3;NA;3;3;3;3;3;3;3;3;3;3;3;3;3;1
160531;JhonatandeJesus;Jhonatan de Jesus;prb;RR;0;1;1;1;1;1;1;0;1;0;1;1;3;3;0;0;0;3;1;1
160573;JoaoArruda;João Arruda;pmdb;PR;0;3;1;0;0;0;1;0;0;1;1;1;0;3;0;1;1;1;0;1
74366;JoaoCampos;João Campos;psdb;GO;1;1;1;1;1;1;1;1;1;0;1;1;NA;0;0;1;1;1;0;1
141458;JoaoCarlosBacelar;João Carlos Bacelar;pr;BA;1;3;3;3;1;3;1;1;0;0;1;1;0;1;1;1;0;1;3;0
74445;JoaoCastelo;João Castelo;psdb;MA;1;1;0;1;1;1;1;1;1;1;1;1;1;0;0;1;0;1;0;1
178970;JoaoDaniel;João Daniel;pt;SE;0;1;1;0;0;0;0;0;0;0;0;1;1;1;1;1;0;1;0;0
178965;JoaoDerly;João Derly;rede;RS;0;3;3;3;3;NA;3;3;3;3;3;3;3;3;3;3;3;3;3;1
178965;JoaoDerly;João Derly;pcdob;RS;3;0;1;3;0;0;0;0;0;1;0;1;1;1;0;0;0;1;3;1
178917;JoaoFernandoCoutinho;João Fernando Coutinho;psb;PE;0;1;0;NA;0;0;1;0;1;0;0;1;1;1;0;1;0;1;1;1
178856;JoaoGualberto;João Gualberto;psdb;BA;3;1;1;1;1;1;1;1;1;1;3;3;NA;0;0;1;0;1;1;1
112437;JoaoMarceloSouza;João Marcelo Souza;pmdb;MA;1;1;1;NA;0;0;1;1;1;1;1;1;3;1;1;3;3;3;3;0
178988;JoaoPauloPapa;João Paulo Papa;psdb;SP;1;1;1;1;0;1;1;1;1;0;3;1;1;0;0;0;0;1;0;1
160571;JoaoRodrigues;João Rodrigues;psd;SC;1;1;0;1;1;1;1;1;1;1;1;1;0;0;0;1;0;1;0;1
178910;JoaquimPassarinho;Joaquim Passarinho;psd;PA;3;1;1;1;1;1;1;1;1;0;1;1;1;0;1;1;0;1;0;1
141503;JoMoraes;Jô Moraes;pcdob;MG;0;3;1;0;0;0;0;0;0;1;0;1;3;1;1;0;0;3;0;0
178971;JonyMarcos;Jony Marcos;prb;SE;1;3;3;0;1;1;1;0;0;0;0;1;1;1;1;0;1;1;0;1
74388;JorgeBoeira;Jorge Boeira;pp;SC;3;3;3;3;1;1;0;0;0;0;1;1;3;0;0;0;1;3;0;1
160572;JorgeCorteReal;Jorge Côrte Real;ptb;PE;1;1;3;1;1;1;1;1;1;1;1;1;1;1;1;1;0;1;1;1
178857;JorgeSolla;Jorge Solla;pt;BA;0;3;1;3;0;0;0;0;0;0;0;1;1;1;1;1;0;1;1;0
73535;JorgeTadeuMudalen;Jorge Tadeu Mudalen;dem;SP;1;1;1;1;1;1;1;0;1;1;1;1;NA;0;0;0;1;1;0;1
160509;JorginhoMello;Jorginho Mello;pr;SC;1;3;1;3;1;1;3;1;1;0;1;3;1;1;1;3;3;1;3;1
141464;JoseAirtonCirilo;José Airton Cirilo;pt;CE;1;1;3;0;0;0;0;0;0;0;0;1;1;1;1;1;0;1;0;0
74553;JoseCarlosAleluia;José Carlos Aleluia;dem;BA;1;1;1;0;1;1;1;1;1;0;1;0;3;1;1;0;1;1;0;1
74140;JoseCarlosAraujo;José Carlos Araújo;psd;BA;1;3;0;1;1;1;1;1;1;0;1;1;1;1;3;1;0;1;1;0
141470;JoseGuimaraes;José Guimarães;pt;CE;1;3;1;0;0;0;0;0;0;0;1;1;3;1;1;1;0;1;0;0
74275;JoseMentor;José Mentor;pt;SP;3;3;1;0;0;0;0;0;0;0;0;1;1;1;1;1;0;1;0;0
160619;JoseNunes;José Nunes;psd;BA;1;1;1;3;1;1;0;0;1;1;1;1;1;1;1;1;1;1;1;0
74395;JoseOtavioGermano;José Otávio Germano;pp;RS;1;3;0;1;1;1;0;3;1;1;1;3;1;0;0;3;3;1;3;1
74079;JosePriante;José Priante;pmdb;PA;3;3;1;1;3;3;3;3;3;1;3;3;1;1;1;1;0;3;0;1
73714;JoseReinaldo;José Reinaldo;psb;MA;1;0;1;3;1;1;1;1;1;1;3;1;0;1;1;1;0;1;1;1
74554;JoseRocha;José Rocha;pr;BA;1;3;1;1;1;1;1;1;1;0;1;1;1;1;1;3;3;1;3;0
160607;JoseStedile;Jose Stédile;psb;RS;0;3;0;1;0;0;0;0;0;0;0;1;1;0;0;1;0;1;1;1
114941;JosiNunes;Josi Nunes;pmdb;TO;1;1;1;1;0;0;1;1;1;1;1;1;1;1;0;1;0;1;1;1
74351;JosueBengtson;Josué Bengtson;ptb;PA;1;1;1;1;1;1;1;1;1;1;1;1;0;0;0;1;1;1;1;1
73666;JovairArantes;Jovair Arantes;ptb;GO;1;3;1;1;1;1;1;1;1;1;1;0;NA;1;1;1;0;1;1;1
178851;JoziAraujo;Jozi Araújo;ptb;AP;1;3;3;3;3;NA;3;3;3;3;3;3;3;3;3;3;3;3;3;0
67312;JuliaMarinho;Júlia Marinho;psc;PA;1;1;0;1;1;1;1;3;1;3;1;1;1;0;0;1;1;1;1;1
74317;JulioCesar;Júlio Cesar;psd;PI;1;1;1;1;1;1;1;1;1;1;1;1;NA;1;1;1;0;1;1;1
73586;JulioDelgado;Júlio Delgado;psb;MG;0;1;1;1;0;NA;0;1;1;0;0;1;1;0;3;1;0;1;1;1
74253;JulioLopes;Julio Lopes;pp;RJ;1;3;3;1;1;1;1;1;1;1;1;1;NA;1;1;1;0;1;0;1
178885;JuniorMarreca;Junior Marreca;pen;MA;1;3;1;0;1;1;1;1;1;1;3;3;3;0;3;1;1;3;1;0
178886;JuscelinoFilho;Juscelino Filho;prp;MA;1;1;1;1;1;1;1;1;1;1;1;1;0;1;1;1;0;0;1;1
74570;JutahyJunior;Jutahy Junior;psdb;BA;1;1;1;1;1;1;1;1;3;1;3;1;0;3;3;0;0;0;0;1
160659;KeikoOta;Keiko Ota;psb;SP;3;3;0;1;1;1;1;1;1;0;0;1;1;1;1;1;0;1;1;1
151208;LaercioOliveira;Laercio Oliveira;solidaried;SE;1;1;1;1;1;3;3;1;1;1;1;1;1;0;0;3;3;1;3;1
141478;LaerteBessa;Laerte Bessa;pr;DF;0;1;1;3;1;1;1;1;3;0;1;1;0;1;1;1;3;1;1;1
178894;LaudivioCarvalho;Laudivio Carvalho;pmdb;MG;1;1;1;1;1;1;1;1;1;1;1;1;0;1;0;1;1;1;1;1
141480;LazaroBotelho;Lázaro Botelho;pp;TO;1;3;1;1;1;1;1;1;1;1;1;1;1;1;1;1;3;1;1;1
178832;Leandre;Leandre;pv;PR;1;1;1;1;1;1;0;0;1;0;0;1;1;0;0;1;1;1;1;1
141562;LeloCoimbra;Lelo Coimbra;pmdb;ES;0;0;1;1;0;0;1;0;1;0;3;1;1;1;0;1;1;1;1;1
178825;LeodeBrito;Leo de Brito;pt;AC;0;3;1;0;0;0;0;0;0;0;0;0;1;1;1;1;0;1;0;0
74156;LeonardoMonteiro;Leonardo Monteiro;pt;MG;0;1;3;0;0;0;0;0;0;0;0;1;1;1;1;1;0;1;0;0
74254;LeonardoPicciani;Leonardo Picciani;pmdb;RJ;3;3;1;1;1;1;1;1;1;1;1;1;1;1;1;0;1;3;1;0
141482;LeonardoQuintao;Leonardo Quintão;pmdb;MG;1;3;1;1;1;1;1;1;1;1;3;1;1;1;1;1;0;1;1;1
74299;LeonidasCristino;Leônidas Cristino;pros;CE;1;1;1;1;0;0;1;0;1;0;1;1;0;1;1;1;0;1;1;0
160663;LeopoldoMeyer;Leopoldo Meyer;psb;PR;1;3;1;1;0;0;0;0;1;0;0;1;1;0;0;1;0;1;3;1
74585;LincolnPortela;Lincoln Portela;pr;MG;NA;1;1;1;1;1;1;0;0;0;0;1;1;1;3;3;3;1;3;1
178879;LucasVergilio;Lucas Vergilio;solidaried;GO;1;1;1;1;1;1;1;1;1;1;1;1;1;0;0;1;1;1;1;1
160628;LucianaSantos;Luciana Santos;pcdob;PE;0;3;1;0;0;0;0;0;0;1;0;1;1;1;1;0;0;1;0;0
178931;LucianoDucci;Luciano Ducci;psb;PR;0;3;1;1;1;1;1;1;1;0;1;1;1;0;0;1;0;1;1;1
178954;LucioMosquini;Lucio Mosquini;pmdb;RO;1;3;1;1;1;1;1;1;0;1;1;1;1;1;1;1;1;1;1;1
141484;LucioVale;Lúcio Vale;pr;PA;0;1;1;1;1;1;1;1;3;0;1;1;0;1;1;1;0;1;0;0
94931;LucioVieiraLima;Lucio Vieira Lima;pmdb;BA;3;1;3;1;1;1;1;1;1;1;1;1;3;1;1;3;3;3;3;1
73483;LuisCarlosHeinze;Luis Carlos Heinze;pp;RS;1;1;0;1;1;1;1;1;1;1;1;1;1;0;0;1;0;1;0;1
160510;LuisTibe;Luis Tibé;ptdob;MG;3;1;1;1;1;1;1;0;1;0;1;1;1;1;1;0;0;1;0;1
74784;LuizaErundina;Luiza Erundina;psb;SP;0;3;0;0;0;0;3;3;0;3;3;3;3;3;3;3;3;3;3;0
141485;LuizCarlosBusato;Luiz Carlos Busato;ptb;RS;1;3;1;1;0;0;1;1;1;1;3;1;1;1;1;3;3;3;3;1
73778;LuizCarlosHauly;Luiz Carlos Hauly;psdb;PR;3;3;1;3;1;1;1;1;1;0;1;1;1;0;0;0;0;1;0;1
178802;LuizCarlosRamos;Luiz Carlos Ramos;psdc;RJ;1;1;1;1;1;1;1;1;1;1;1;1;1;1;0;0;1;1;0;1
178955;LuizClaudio;Luiz Cláudio;pr;RO;1;1;NA;1;1;1;1;1;1;0;1;1;1;1;1;1;0;1;NA;1
74041;LuizCouto;Luiz Couto;pt;PB;0;1;0;0;0;0;0;0;0;0;0;1;1;1;1;1;0;1;0;0
141487;LuizFernandoFaria;Luiz Fernando Faria;pp;MG;1;3;1;3;1;1;1;3;1;1;1;3;1;1;1;1;0;1;1;1
178866;LuizianneLins;Luizianne Lins;pt;CE;0;1;1;3;0;0;0;0;0;0;0;1;1;3;3;1;0;1;0;0
178982;LuizLauroFilho;Luiz Lauro Filho;psb;SP;0;1;1;1;1;1;1;1;1;0;0;1;0;3;1;1;0;1;0;1
162332;LuizNishimori;Luiz Nishimori;pr;PR;1;1;1;1;1;1;1;1;1;0;1;1;1;1;1;1;0;1;1;1
74688;LuizSergio;Luiz Sérgio;pt;RJ;3;1;1;0;0;0;0;0;0;0;1;1;1;3;1;1;0;3;0;0
178867;Macedo;Macedo;psl;CE;1;1;1;3;3;3;1;0;0;1;1;1;1;1;1;1;0;1;1;0
166402;MagdaMofatto;Magda Mofatto;pr;GO;3;3;1;1;1;1;1;1;1;0;1;1;0;1;1;1;0;1;1;1
178826;MajorOlimpio;Major Olimpio;pdt;SP;1;1;0;1;1;1;0;0;1;0;0;1;NA;3;0;1;0;1;1;1
160633;Mandetta;Mandetta;dem;MS;1;1;1;1;0;1;1;0;1;0;1;1;1;0;0;0;1;1;1;1
141490;ManoelJunior;Manoel Junior;pmdb;PB;3;3;1;1;1;1;1;1;1;1;1;1;3;1;1;1;1;1;3;1
160565;MaraGabrilli;Mara Gabrilli;psdb;SP;1;3;1;3;0;1;1;NA;0;0;1;1;3;0;0;3;3;3;3;1
179000;MarceloAlvaroAntonio;Marcelo Álvaro Antônio;prp;MG;1;1;1;1;1;1;1;0;1;1;1;1;1;1;0;0;0;1;0;1
146788;MarceloAro;Marcelo Aro;phs;MG;3;3;1;1;1;1;1;1;1;1;3;1;0;1;0;1;0;1;0;1
178932;MarceloBelinati;Marcelo Belinati;pp;PR;1;1;0;1;1;1;0;0;0;1;0;1;0;0;0;0;1;1;0;1
74460;MarceloCastro;Marcelo Castro;pmdb;PI;3;3;1;1;1;NA;0;0;1;0;1;1;3;1;1;1;0;3;1;0
76287;MarceloMatos;Marcelo Matos;pdt;RJ;0;0;1;1;NA;1;0;0;0;0;0;1;1;0;0;1;0;1;1;1
118594;MarceloSquassoni;Marcelo Squassoni;prb;SP;1;1;1;1;1;1;1;0;1;0;1;1;NA;1;0;1;1;1;0;1
178983;MarcioAlvino;Marcio Alvino;pr;SP;1;3;1;1;1;1;1;1;1;0;1;1;NA;1;1;1;0;1;1;1
150418;MarcioMarinho;Márcio Marinho;prb;BA;1;1;1;1;1;1;1;0;0;0;1;1;3;1;0;0;0;1;0;1
133373;MarcoMaia;Marco Maia;pt;RS;0;1;1;0;0;0;0;0;0;0;0;1;1;1;1;1;0;1;0;0
160535;Marcon;Marcon;pt;RS;0;1;0;0;0;0;0;0;0;0;0;1;1;3;3;1;0;1;0;0
178880;MarcosAbrao;Marcos Abrão;pps;GO;1;0;1;1;0;1;0;0;1;0;1;1;1;0;0;0;1;1;0;1
141500;MarcosMontes;Marcos Montes;psd;MG;1;1;1;1;1;1;1;1;1;1;1;1;0;1;1;1;1;1;0;1
178852;MarcosReategui;Marcos Reategui;psc;AP;0;3;1;3;0;1;1;0;0;0;0;1;NA;0;3;1;1;1;1;1
167722;MarcosRogerio;Marcos Rogério;pdt;RO;0;3;3;1;1;1;0;0;0;NA;1;1;NA;0;0;1;1;1;0;1
178850;MarcosRotta;Marcos Rotta;pmdb;AM;1;3;1;1;1;1;1;1;1;1;1;1;1;0;0;1;1;1;1;1
178943;MarcosSoares;Marcos Soares;pr;RJ;1;3;3;1;1;1;3;3;3;3;NA;1;0;1;0;1;1;1;1;1
160536;MarcoTebaldi;Marco Tebaldi;psdb;SC;1;3;3;1;1;1;1;1;1;0;1;1;1;0;0;1;0;1;1;1
159238;MarcusPestana;Marcus Pestana;psdb;MG;1;1;0;1;1;1;1;1;1;0;1;1;NA;0;0;1;0;1;0;1
74235;MarcusVicente;Marcus Vicente;pp;ES;1;1;0;1;1;1;1;1;1;1;1;1;0;1;0;3;0;1;3;1
171619;MargaridaSalomao;Margarida Salomão;pt;MG;NA;1;1;0;0;0;0;0;0;0;0;1;1;1;1;1;0;1;0;0
74398;MariadoRosario;Maria do Rosário;pt;RS;0;1;1;3;0;0;0;0;0;0;0;0;1;1;1;1;0;1;0;0
64960;MariaHelena;Maria Helena;psb;RR;0;3;3;1;0;0;1;1;0;0;0;1;1;0;0;1;0;1;1;1
178956;MarianaCarvalho;Mariana Carvalho;psdb;RO;1;1;1;1;1;1;3;3;1;3;1;3;1;0;0;1;1;1;0;1
178919;MarinaldoRosendo;Marinaldo Rosendo;psb;PE;0;3;1;1;1;1;0;0;1;1;3;1;1;1;0;1;0;1;1;1
74177;MarinhaRaupp;Marinha Raupp;pmdb;RO;3;3;1;1;0;0;1;0;0;0;3;1;1;1;3;1;0;1;1;1
74158;MarioHeringer;Mário Heringer;pdt;MG;1;3;1;1;0;0;3;3;1;3;1;3;1;0;0;1;0;1;1;1
178843;MarxBeltrao;Marx Beltrão;pmdb;AL;1;3;1;1;1;1;1;1;1;1;1;0;3;0;1;1;1;1;1;1
74050;MauricioQuintellaLessa;Maurício Quintella Lessa;pr;AL;3;3;1;1;1;1;1;1;1;0;3;1;NA;1;1;1;0;1;1;1
74749;MauroLopes;Mauro Lopes;pmdb;MG;1;1;1;1;1;3;1;1;1;1;1;1;0;1;1;3;3;1;3;1
141507;MauroMariani;Mauro Mariani;pmdb;SC;1;1;0;1;1;1;1;1;1;0;1;1;1;1;1;1;1;1;0;1
124411;MauroPereira;Mauro Pereira;pmdb;RS;1;0;1;1;1;1;1;1;1;0;1;1;1;1;0;1;0;1;1;1
178827;MaxFilho;Max Filho;psdb;ES;1;3;0;1;0;0;0;0;3;NA;1;1;1;0;0;NA;1;1;0;1
178984;MiguelHaddad;Miguel Haddad;psdb;SP;1;1;1;1;1;1;1;1;1;0;1;1;NA;0;0;0;1;1;0;1
178985;MiguelLombardi;Miguel Lombardi;pr;SP;1;1;1;1;1;1;1;1;1;0;1;1;NA;1;1;1;0;1;1;1
74787;MiltonMonti;Milton Monti;pr;SP;1;1;1;1;1;1;1;1;1;0;3;1;NA;1;1;1;0;1;1;1
74862;MiroTeixeira;Miro Teixeira;pros;RJ;3;0;0;1;0;0;0;0;0;1;0;1;1;0;0;0;1;1;0;1
74862;MiroTeixeira;Miro Teixeira;rede;RJ;0;3;3;3;3;NA;3;3;3;3;3;3;3;3;3;3;3;3;3;1
178895;MisaelVarella;Misael Varella;dem;MG;1;1;1;1;1;1;1;0;1;1;1;1;0;3;1;1;1;1;1;1
160561;MissionarioJoseOlimpio;Missionário José Olimpio;pp;SP;1;1;1;1;1;1;1;0;1;1;1;1;NA;0;0;1;1;1;1;1
178859;MoemaGramacho;Moema Gramacho;pt;BA;0;1;1;0;0;0;0;0;0;0;0;1;1;1;1;1;0;3;0;0
74457;MoroniTorgan;Moroni Torgan;dem;CE;1;0;3;1;1;1;1;0;0;1;1;1;1;0;0;0;1;1;0;1
178997;MosesRodrigues;Moses Rodrigues;pps;CE;1;0;1;1;1;1;0;0;0;1;1;1;1;0;0;0;1;1;0;1
160567;NelsonMarchezanJunior;Nelson Marchezan Junior;psdb;RS;1;1;1;1;1;1;1;1;1;0;1;1;0;0;0;0;0;1;0;1
73553;NelsonMarquezelli;Nelson Marquezelli;ptb;SP;1;0;1;3;1;1;1;1;1;1;1;1;0;1;1;0;0;1;1;1
73781;NelsonMeurer;Nelson Meurer;pp;PR;1;1;1;1;1;1;1;1;0;1;1;1;1;1;1;1;0;1;1;1
178896;NewtonCardosoJr;Newton Cardoso Jr;pmdb;MG;1;1;0;1;3;3;1;1;1;1;1;1;1;1;1;1;0;0;1;1
166401;NilsonLeitao;Nilson Leitão;psdb;MT;1;3;0;1;1;1;1;1;1;0;1;1;NA;3;0;1;1;1;3;1
74352;NilsonPinto;Nilson Pinto;psdb;PA;1;1;1;1;1;1;1;1;1;1;1;1;0;0;0;1;1;1;0;1
74359;NiltonCapixaba;Nilton Capixaba;ptb;RO;1;1;1;1;1;1;3;3;1;3;3;3;1;1;0;1;0;1;1;1
178986;NiltoTatto;Nilto Tatto;pt;SP;0;1;1;0;0;0;0;0;0;0;0;1;1;1;1;1;0;1;0;0
74752;OdelmoLeao;Odelmo Leão;pp;MG;1;1;0;1;1;1;1;0;1;1;1;1;0;0;0;1;0;1;1;1
178868;OdoricoMonteiro;Odorico Monteiro;pt;CE;1;1;3;NA;0;0;0;0;0;0;0;1;1;1;1;1;0;1;1;0
74399;OnyxLorenzoni;Onyx Lorenzoni;dem;RS;3;3;3;3;1;1;3;3;1;3;1;3;0;3;0;0;1;1;0;1
178987;OrlandoSilva;Orlando Silva;pcdob;SP;0;0;1;0;0;0;0;0;0;1;0;1;1;1;1;0;0;1;0;0
73463;OsmarSerraglio;Osmar Serraglio;pmdb;PR;1;1;1;1;1;1;1;1;1;1;1;1;3;3;3;1;3;3;1;1
73692;OsmarTerra;Osmar Terra;pmdb;RS;3;1;1;1;0;0;3;3;0;3;3;3;1;1;1;3;0;1;1;1
141515;OtavioLeite;Otavio Leite;psdb;RJ;1;1;1;1;1;1;1;1;1;1;0;1;0;0;0;1;0;1;3;1
160556;PadreJoao;Padre João;pt;MG;0;1;1;0;0;0;0;0;0;0;0;1;1;3;3;1;0;1;0;0
74319;PaesLandim;Paes Landim;ptb;PI;1;3;1;1;1;1;1;1;1;1;0;1;3;1;1;0;0;1;0;0
160642;PastorEurico;Pastor Eurico;psb;PE;3;1;1;1;1;1;0;1;1;1;1;0;1;0;0;1;0;1;1;1
74095;PauderneyAvelino;Pauderney Avelino;dem;AM;3;3;3;3;1;1;1;1;1;1;1;1;NA;0;0;0;1;1;0;1
171617;Paulao;Paulão;pt;AL;NA;1;1;0;0;0;0;0;0;0;0;1;1;1;1;1;0;1;0;0
178860;PauloAzi;Paulo Azi;dem;BA;1;1;0;1;1;1;1;1;1;1;1;1;NA;3;1;1;1;1;0;1
74017;PauloFeijo;Paulo Feijó;pr;RJ;1;1;0;1;1;1;3;3;1;3;1;3;1;1;0;1;0;1;0;1
160517;PauloFoletto;Paulo Foletto;psb;ES;1;1;0;1;0;1;0;0;1;0;1;1;1;0;0;1;0;1;1;1
160558;PauloFreire;Paulo Freire;pr;SP;1;1;3;3;1;1;1;0;3;0;1;1;NA;0;0;1;0;1;0;1
74574;PauloMagalhaes;Paulo Magalhães;psd;BA;1;1;1;1;0;0;1;0;3;0;1;1;0;1;1;1;0;1;0;0
132056;PauloMaluf;Paulo Maluf;pp;SP;3;3;3;1;1;1;1;3;1;1;1;3;3;1;1;1;0;3;3;1
141518;PauloPereiradaSilva;Paulo Pereira da Silva;solidaried;SP;1;3;0;1;1;1;3;1;1;1;1;3;NA;0;0;1;1;1;1;1
74400;PauloPimenta;Paulo Pimenta;pt;RS;0;3;1;0;0;0;0;0;0;0;0;1;1;1;1;1;0;1;0;0
141488;PauloTeixeira;Paulo Teixeira;pt;SP;0;3;3;0;0;0;0;0;0;0;0;1;1;1;1;1;0;1;0;0
74812;PedroChaves;Pedro Chaves;pmdb;GO;3;1;1;1;1;1;1;1;1;1;1;1;0;1;1;1;0;1;1;1
178912;PedroCunhaLima;Pedro Cunha Lima;psdb;PB;1;0;0;1;1;1;1;1;1;1;1;1;0;0;0;0;0;1;0;1
74449;PedroFernandes;Pedro Fernandes;ptb;MA;3;0;0;1;0;0;1;1;0;0;1;1;0;1;1;0;1;1;0;0
160604;PedroUczai;Pedro Uczai;pt;SC;0;NA;1;0;0;0;0;0;0;0;0;1;1;3;3;1;0;1;0;0
178844;PedroVilela;Pedro Vilela;psdb;AL;1;0;1;1;1;1;3;3;1;3;1;3;NA;0;0;0;1;1;0;1
141445;PepeVargas;Pepe Vargas;pt;RS;0;3;3;3;3;NA;3;3;3;3;3;3;3;3;3;3;3;3;3;0
73486;PompeodeMattos;Pompeo de Mattos;pdt;RS;1;3;1;1;0;0;0;0;3;0;1;1;1;0;0;1;0;1;0;0
160641;ProfessoraMarcivania;Professora Marcivania;pt;AP;0;1;1;0;0;0;0;0;0;0;0;1;1;3;3;1;0;1;0;0
148134;ProfessorVictorioGalli;Professor Victório Galli;psc;MT;1;1;0;1;1;1;1;0;1;1;1;1;1;0;0;1;1;1;1;1
178951;RafaelMotta;Rafael Motta;pros;RN;1;0;1;1;0;1;1;0;3;0;1;1;1;1;3;1;3;1;1;1
74216;RaimundoGomesdeMatos;Raimundo Gomes de Matos;psdb;CE;1;3;1;1;1;1;3;1;1;0;1;3;NA;0;0;1;0;1;1;1
178998;RaquelMuniz;Raquel Muniz;psc;MG;1;1;0;1;1;1;1;0;1;1;1;1;1;0;0;1;0;1;1;1
74161;ReginaldoLopes;Reginaldo Lopes;pt;MG;0;3;1;3;0;0;0;0;3;0;3;1;1;1;1;1;0;0;0;0
178960;RemidioMonai;Remídio Monai;pr;RR;3;3;1;1;1;1;1;1;1;0;1;1;0;3;1;1;0;1;1;1
178989;RenataAbreu;Renata Abreu;ptn;SP;1;1;1;1;1;1;0;0;1;1;1;1;1;1;1;1;0;3;0;1
141527;RenatoMolling;Renato Molling;pp;RS;3;1;0;3;1;1;1;1;1;1;1;1;1;3;0;1;1;1;1;1
160654;RenzoBraz;Renzo Braz;pp;MG;1;3;1;3;1;1;1;1;3;1;1;1;3;1;0;1;0;3;1;1
73788;RicardoBarros;Ricardo Barros;pp;PR;1;3;3;3;0;0;1;1;1;1;3;1;3;1;1;0;3;3;0;1
160655;RicardoIzar;Ricardo Izar;psd;SP;1;3;1;1;1;1;1;1;1;1;0;1;3;1;1;1;0;1;0;1
178920;RicardoTeobaldo;Ricardo Teobaldo;ptb;PE;1;3;3;1;1;1;1;1;1;1;1;1;3;1;1;1;0;3;1;0
141472;RicardoTripoli;Ricardo Tripoli;psdb;SP;1;1;3;1;1;1;1;1;1;1;1;1;0;0;0;1;1;1;0;1
152610;RobertoAlves;Roberto Alves;prb;SP;0;1;1;1;1;1;1;0;3;0;1;1;1;1;1;0;0;1;0;1
73674;RobertoBalestra;Roberto Balestra;pp;GO;1;1;0;1;1;1;1;3;1;1;1;1;1;0;3;1;1;1;0;1
141529;RobertoBritto;Roberto Britto;pp;BA;1;1;1;1;1;1;3;1;1;1;1;1;0;1;1;1;0;1;1;0
178995;RobertoGoes;Roberto Góes;pdt;AP;0;0;1;1;0;0;1;0;1;0;0;0;1;0;0;1;0;1;1;0
178944;RobertoSales;Roberto Sales;prb;RJ;0;1;1;1;1;1;1;0;1;0;3;1;1;1;3;1;0;1;0;1
178840;Rocha;Rocha;psdb;AC;1;1;0;1;1;1;1;1;1;1;1;1;3;0;0;1;0;3;0;1
141531;RodrigodeCastro;Rodrigo de Castro;psdb;MG;1;1;1;1;1;1;1;1;1;1;1;1;1;0;0;1;0;1;1;1
74693;RodrigoMaia;Rodrigo Maia;dem;RJ;1;1;3;1;1;1;1;1;1;1;1;1;NA;1;1;0;1;1;0;1
178926;RodrigoMartins;Rodrigo Martins;psb;PI;0;0;1;1;3;3;0;1;1;0;0;1;1;0;0;1;0;1;1;1
178897;RodrigoPacheco;Rodrigo Pacheco;pmdb;MG;1;1;1;1;3;3;1;0;1;1;1;1;0;1;1;3;3;1;3;1
141535;RogerioMarinho;Rogério Marinho;psdb;RN;1;1;1;1;3;1;1;1;1;1;1;1;NA;0;0;1;1;1;0;1
160426;RogerioRosso;Rogério Rosso;psd;DF;1;1;NA;1;1;1;1;1;1;0;1;1;1;1;1;1;1;1;1;1
141536;RomuloGouveia;Rômulo Gouveia;psd;PB;0;1;1;1;1;1;1;1;1;1;1;1;1;1;1;1;1;1;1;1
160515;RonaldoBenedet;Ronaldo Benedet;pmdb;SC;1;1;1;1;1;1;1;0;1;1;1;1;1;1;1;1;1;1;1;1
178861;RonaldoCarletto;Ronaldo Carletto;pp;BA;1;1;1;1;1;1;1;1;1;1;1;1;NA;1;1;1;0;1;1;0
160637;RonaldoFonseca;Ronaldo Fonseca;pros;DF;1;1;3;1;1;1;0;0;1;0;1;1;0;0;0;0;1;1;0;1
178845;RonaldoLessa;Ronaldo Lessa;pdt;AL;0;0;1;NA;0;0;3;3;3;0;0;3;1;0;0;1;1;1;1;0
122466;RonaldoMartins;Ronaldo Martins;prb;CE;0;1;1;1;1;1;1;0;0;0;1;1;0;1;0;0;0;1;0;1
163321;RonaldoNogueira;Ronaldo Nogueira;ptb;RS;1;1;1;1;1;1;1;1;0;0;0;1;0;0;0;0;0;1;3;1
178870;RoneyNemer;Rôney Nemer;pmdb;DF;0;1;1;1;1;1;1;0;1;1;1;0;1;3;1;1;1;1;1;1
178945;RosangelaGomes;Rosangela Gomes;prb;RJ;1;1;1;1;1;1;1;0;1;0;1;1;1;1;0;0;0;1;0;1
73466;RubensBueno;Rubens Bueno;pps;PR;1;0;1;1;0;0;0;0;1;0;1;1;1;0;0;0;1;1;0;1
74371;RubensOtoni;Rubens Otoni;pt;GO;1;1;1;1;0;0;0;0;3;0;0;1;1;1;1;1;0;1;0;0
178887;RubensPereiraJunior;Rubens Pereira Júnior;pcdob;MA;0;0;1;0;0;0;0;0;0;1;0;1;3;1;1;0;0;3;0;0
160630;SaguasMoraes;Ságuas Moraes;pt;MT;0;1;1;0;0;0;0;0;0;0;3;1;1;1;3;1;0;1;0;0
178990;SamuelMoreira;Samuel Moreira;psdb;SP;1;1;1;1;1;1;3;1;1;0;1;3;0;0;0;0;1;1;0;1
160621;SandroAlex;Sandro Alex;pps;PR;1;1;1;1;1;1;0;0;1;0;1;1;1;0;0;0;1;1;0;1
74762;SaraivaFelipe;Saraiva Felipe;pmdb;MG;1;1;1;1;0;0;1;3;1;3;1;1;1;1;1;1;0;1;1;1
74210;SarneyFilho;Sarney Filho;pv;MA;3;3;1;0;0;0;1;0;3;0;0;3;1;1;1;1;1;3;1;1
73808;SergioBrito;Sérgio Brito;psd;BA;1;1;1;1;1;1;1;0;1;1;1;1;0;1;1;1;1;1;1;0
141542;SergioMoraes;Sérgio Moraes;ptb;RS;1;3;0;1;1;1;1;1;3;1;1;1;0;0;0;1;0;1;1;1
178991;SergioReis;Sérgio Reis;prb;SP;3;1;1;1;3;3;1;0;3;0;1;1;3;1;1;3;3;3;3;1
178933;SergioSouza;Sergio Souza;pmdb;PR;1;1;1;1;1;1;1;1;1;1;1;1;1;1;1;0;1;3;0;1
178874;SergioVidigal;Sergio Vidigal;pdt;ES;1;3;1;1;0;0;0;0;1;0;0;1;1;0;0;NA;NA;1;NA;1
160612;SergioZveiter;Sergio Zveiter;psd;RJ;3;3;3;1;3;3;3;3;1;3;3;3;1;1;1;1;0;1;1;1
178961;Sheridan;Shéridan;psdb;RR;1;1;3;1;1;1;1;1;1;1;3;1;1;0;0;3;3;1;3;1
160613;SibaMachado;Sibá Machado;pt;AC;1;3;3;0;0;0;0;0;0;0;0;1;1;1;1;1;0;1;0;0
74356;SilasCamara;Silas Câmara;psd;AM;1;1;0;1;3;3;1;1;3;0;1;1;NA;1;1;1;0;1;1;1
4930;SilvioCosta;Silvio Costa;psc;PE;1;1;1;0;0;0;1;1;1;0;1;1;0;1;1;0;0;1;0;0
73560;SilvioTorres;Silvio Torres;psdb;SP;1;1;1;1;1;1;1;1;1;0;1;1;NA;0;0;1;0;1;3;1
178911;1oneMorgado;1one Morgado;pmdb;PA;1;1;1;1;0;0;0;0;3;0;1;1;1;1;1;1;0;1;1;0
178946;SorayaSantos;Soraya Santos;pmdb;RJ;3;3;1;1;1;1;1;1;1;1;1;1;1;1;1;3;3;1;3;1
178947;SostenesCavalcante;Sóstenes Cavalcante;psd;RJ;1;1;0;1;1;1;1;1;0;1;1;1;1;0;0;1;1;1;0;1
92776;StefanoAguiar;Stefano Aguiar;psb;MG;1;3;0;1;1;1;1;1;1;1;0;1;NA;0;0;1;0;1;1;1
177282;SubtenenteGonzaga;Subtenente Gonzaga;pdt;MG;0;0;1;1;0;1;0;0;0;0;3;1;1;0;0;1;0;1;1;1
178922;TadeuAlencar;Tadeu Alencar;psb;PE;0;3;0;0;0;0;0;0;0;0;0;1;1;1;0;1;0;1;1;1
74385;Takayama;Takayama;psc;PR;3;1;1;1;3;1;3;3;3;3;3;3;3;3;3;3;3;3;3;1
178898;TenenteLucio;Tenente Lúcio;psb;MG;0;1;0;1;0;0;1;1;1;0;0;1;1;0;1;1;1;1;1;1
178901;TerezaCristina;Tereza Cristina;psb;MS;1;0;0;1;0;1;1;3;1;3;1;1;1;1;1;1;0;1;1;1
160617;ThiagoPeixoto;Thiago Peixoto;psd;GO;1;3;3;3;3;NA;3;3;3;3;3;3;3;3;3;3;3;3;3;1
178862;TiaEron;Tia Eron;prb;BA;1;1;1;3;1;1;1;0;1;0;1;1;1;1;0;0;0;1;0;1
160976;Tiririca;Tiririca;pr;SP;1;1;1;1;1;1;1;1;0;0;1;1;1;1;0;1;0;1;1;1
160611;ToninhoPinheiro;Toninho Pinheiro;pp;MG;1;1;1;1;1;1;1;1;1;1;1;1;3;1;1;1;0;1;1;1
178934;ToninhoWandscheer;Toninho Wandscheer;pt;PR;1;0;1;1;0;3;0;0;0;0;3;1;1;1;1;1;0;3;1;1
178863;UlduricoJunior;Uldurico Junior;ptc;BA;1;1;1;1;0;0;1;0;0;0;0;1;3;1;0;0;0;3;1;1
141384;ValadaresFilho;Valadares Filho;psb;SE;0;1;1;1;0;1;1;0;3;0;0;1;1;0;0;3;3;1;3;1
74010;ValdirColatto;Valdir Colatto;pmdb;SC;1;1;0;1;1;1;3;3;1;3;1;3;1;1;1;1;0;1;0;1
113247;ValmirPrascidelli;Valmir Prascidelli;pt;SP;1;1;3;0;0;0;0;0;0;0;0;1;1;1;1;1;0;3;0;0
141552;ValtenirPereira;Valtenir Pereira;pros;MT;1;1;1;0;1;1;0;0;1;0;3;1;1;1;1;0;0;1;0;0
141553;VanderleiMacris;Vanderlei Macris;psdb;SP;1;1;1;1;1;1;1;1;3;0;1;1;NA;3;0;1;0;1;0;1
74376;VanderLoubet;Vander Loubet;pt;MS;0;3;1;1;0;3;0;0;0;0;3;1;3;1;1;1;0;3;1;0
178913;VenezianoVitaldoRego;Veneziano Vital do Rêgo;pmdb;PB;0;1;1;3;1;1;1;1;1;1;1;1;1;0;1;1;0;1;1;1
74308;VicenteArruda;Vicente Arruda;pros;CE;1;1;1;0;3;3;3;3;3;3;3;3;3;3;3;3;3;3;3;0
160622;VicenteCandido;Vicente Candido;pt;SP;1;3;3;3;0;0;0;0;0;0;0;1;1;1;1;1;0;3;0;0
74283;Vicentinho;Vicentinho;pt;SP;0;1;1;0;0;0;0;0;0;0;0;1;1;1;1;1;0;1;0;0
137070;VicentinhoJunior;Vicentinho Júnior;psb;TO;0;3;3;1;1;1;1;1;1;0;1;1;0;1;1;1;0;1;1;0
178888;VictorMendes;Victor Mendes;pv;MA;1;0;1;1;3;3;1;0;1;1;0;1;1;1;1;1;0;1;0;1
141555;ViniciusCarvalho;Vinicius Carvalho;prb;SP;0;1;1;1;1;1;1;0;1;0;1;1;0;1;1;0;0;1;0;1
160591;ViniciusGurgel;Vinicius Gurgel;pr;AP;3;1;3;1;1;1;1;1;1;0;3;1;0;3;1;1;0;3;0;0
178992;VitorLippi;Vitor Lippi;psdb;SP;1;1;1;1;1;1;1;1;1;0;1;1;1;0;0;1;0;1;0;1
178869;VitorValim;Vitor Valim;pmdb;CE;1;1;1;1;1;1;1;0;0;1;3;1;1;0;0;1;1;1;1;1
189593;WadihDamous;Wadih Damous;pt;RJ;0;1;0;0;0;0;0;0;3;0;3;1;1;3;3;1;0;1;0;0
160569;WaldenorPereira;Waldenor Pereira;pt;BA;0;1;3;3;0;0;0;0;0;0;0;1;1;1;1;1;0;1;0;0
141558;WaldirMaranhao;Waldir Maranhão;pp;MA;3;1;1;3;0;1;1;1;3;1;3;1;3;1;1;3;3;3;3;0
178952;WalterAlves;Walter Alves;pmdb;RN;1;1;1;1;1;1;1;1;1;1;1;1;3;1;1;1;1;1;1;1
160620;WashingtonReis;Washington Reis;pmdb;RJ;1;3;1;3;0;0;3;1;1;1;1;3;1;1;1;3;3;1;3;1
160518;WelitonPrado;Weliton Prado;pt;MG;0;1;1;1;1;1;NA;NA;0;NA;0;NA;NA;0;0;NA;NA;NA;NA;1
74043;WellingtonRoberto;Wellington Roberto;pr;PB;1;3;1;1;1;3;1;1;1;0;3;1;1;1;1;1;0;1;1;0
167493;WevertonRocha;Weverton Rocha;pdt;MA;3;3;1;1;0;0;0;0;1;0;0;1;1;0;0;1;0;1;1;0
160636;WilsonFilho;Wilson Filho;ptb;PB;1;0;1;3;1;1;1;3;1;1;0;1;1;1;1;1;1;1;1;1
73930;WladimirCosta;Wladimir Costa;solidaried;PA;3;3;1;3;3;3;3;3;3;3;3;3;3;3;3;3;3;3;3;1
74439;WolneyQueiroz;Wolney Queiroz;pdt;PE;0;3;1;1;0;0;0;0;0;0;0;1;3;0;0;0;0;1;1;0
178923;ZecaCavalcanti;Zeca Cavalcanti;ptb;PE;1;1;1;1;1;1;1;1;0;1;1;1;3;1;1;1;0;3;1;0
160592;ZecaDirceu;Zeca Dirceu;pt;PR;0;3;1;0;0;0;0;0;0;0;0;0;1;1;1;1;0;1;0;0
178889;ZeCarlos;Zé Carlos;pt;MA;3;1;0;0;0;0;0;0;0;0;0;1;1;3;3;1;0;1;0;0
73931;ZeGeraldo;Zé Geraldo;pt;PA;0;3;1;0;0;0;0;0;0;0;0;1;1;1;1;1;0;1;0;0
178949;ZenaideMaia;Zenaide Maia;pr;RN;0;1;1;1;0;0;1;1;NA;0;0;1;1;1;1;1;0;1;1;0
160632;ZeSilva;Zé Silva;solidaried;MG;1;1;1;1;1;1;1;1;1;1;1;1;1;0;0;1;0;1;1;1
178957;AbelMesquitaJr;NA;pdt;RR;0;0;3;1;0;1;1;1;1;0;1;1;1;0;0;1;0;1;1;1
133374;AdemirCamilo;NA;pros;MG;1;1;1;1;1;1;0;0;0;1;1;1;0;3;0;1;0;1;1;NA
133439;AndreFigueiredo;NA;pdt;CE;3;3;1;1;0;0;0;0;1;0;3;1;1;0;0;3;3;1;3;NA
74213;AntonioBalhmann;NA;pros;CE;3;3;3;3;1;1;0;1;1;0;3;1;0;1;1;3;3;1;3;1
73584;AntonioCarlosMendesThame;NA;psdb;SP;1;1;1;1;3;3;1;1;3;0;3;1;1;3;0;0;0;1;0;NA
105112;CabucuBorges;NA;pmdb;AP;1;3;1;1;3;1;1;1;1;1;1;1;3;1;1;1;1;3;1;1
74474;CarlosEduardoCadoca;NA;pcdob;PE;0;0;1;0;0;0;0;0;1;1;0;1;1;1;1;0;1;3;0;NA
73568;CelsoJacob;NA;pmdb;RJ;1;1;1;1;1;1;1;1;1;1;1;1;1;1;1;3;3;1;3;NA
141439;ChicoDAngelo;NA;pt;RJ;0;1;1;0;0;0;0;0;0;0;0;1;1;1;1;1;0;1;0;0
178848;ConceicaoSampaio;NA;pp;AM;0;1;0;NA;0;0;1;0;1;1;1;1;1;0;0;1;1;1;1;1
185500;DeoclidesMacedo;NA;pdt;MA;3;3;3;3;3;NA;3;3;1;3;3;3;3;3;0;3;3;3;3;NA
178940;DrJoao;NA;pr;RJ;1;1;0;1;1;1;1;1;1;0;1;1;NA;1;1;1;0;1;0;1
160643;DrJorgeSilva;NA;pros;ES;0;1;1;1;0;1;0;0;1;0;1;1;0;1;1;1;0;1;1;1
178830;DrSinvalMalheiros;NA;pv;SP;1;1;3;1;0;1;1;0;3;0;0;1;1;0;0;3;3;1;3;1
73793;EdinhoBez;NA;pmdb;SC;1;0;1;1;1;1;1;NA;1;1;1;1;0;NA;1;1;1;1;3;NA
160578;EdmarArruda;NA;psc;PR;3;1;0;1;1;1;1;0;3;1;3;1;3;0;1;1;1;3;1;NA
178904;EzequielFonseca;NA;pp;MT;0;1;1;1;1;1;1;1;1;1;1;1;1;1;1;1;0;1;1;1
146829;FabianoHorta;NA;pt;RJ;3;3;3;3;3;NA;3;3;0;3;0;3;3;1;1;3;3;3;3;NA
190149;FabricioOliveira;NA;psb;SC;0;1;1;1;3;3;3;3;3;3;3;3;3;3;3;3;3;3;3;NA
160666;FelixMendoncaJunior;NA;pdt;BA;1;1;1;1;0;0;0;0;1;0;1;1;1;0;0;1;0;1;1;0
73481;FernandoMarroni;NA;pt;RS;3;1;1;0;0;0;0;0;0;0;0;1;1;1;1;1;0;1;0;NA
92699;FernandoMonteiro;NA;pp;PE;1;1;1;0;1;1;1;1;1;1;1;1;3;3;1;1;3;1;1;NA
191923;FlavioNogueira;NA;pdt;PI;1;3;3;3;3;NA;3;3;3;3;3;3;3;3;0;3;3;3;3;NA
178959;HiranGoncalves;NA;pmn;RR;1;3;1;1;1;1;1;0;1;1;1;1;1;1;1;0;0;0;0;1
131966;JoseFogaca;NA;pmdb;RS;1;1;1;1;0;0;0;0;1;0;0;1;3;0;0;0;0;1;0;1
151965;JoseMaiaFilho;NA;solidaried;PI;3;3;3;3;0;0;1;1;3;1;3;1;1;3;3;1;3;1;1;NA
178851;JoziRocha;NA;ptb;AP;3;3;3;0;1;1;1;1;1;1;1;1;1;1;1;1;0;1;1;0
178918;KaioManicoba;NA;phs;PE;1;1;1;1;0;1;1;1;1;1;1;1;0;3;0;1;0;1;0;1
141483;LindomarGarcon;NA;pmdb;RO;3;0;1;3;NA;1;1;1;1;1;1;1;3;1;1;1;1;3;1;1
74277;LobbeNeto;NA;psdb;SP;1;1;1;1;1;1;3;3;1;3;3;3;1;0;0;0;1;1;0;NA
151965;Mainha;NA;solidaried;PI;0;3;1;1;3;3;3;3;3;3;3;3;3;3;3;3;3;3;3;NA
160660;MarceloAguiar;NA;dem;SP;1;1;0;1;1;1;1;1;3;1;1;1;NA;1;1;1;1;1;0;NA
178858;MarioNegromonteJr;NA;pp;BA;1;3;1;1;1;1;1;1;1;1;1;3;1;1;1;1;0;1;1;0
181315;MarquinhoMendes;NA;pmdb;RJ;1;3;1;1;1;1;1;1;1;1;1;1;1;1;1;1;1;1;1;NA
74428;MendoncaFilho;NA;dem;PE;1;1;3;1;1;1;1;1;3;1;1;0;3;0;0;0;1;1;0;1
188097;MerlongSolano;NA;pt;PI;3;3;3;3;3;NA;3;3;0;3;NA;3;3;3;1;3;3;3;3;NA
NA;0;NA;3;3;;;;;;;;;;3;3;NA;3;3;3;;;;;NA
180545;OsmarBertoldi;NA;dem;PR;3;3;3;3;3;NA;3;3;1;3;1;3;3;0;0;3;3;3;3;NA
186775;PastorFranklin;NA;ptdob;MG;1;1;1;1;1;1;1;0;1;0;1;1;0;1;0;1;0;3;0;NA
141516;PauloAbiAckel;NA;psdb;MG;1;1;1;3;1;1;1;1;1;1;1;1;0;0;0;1;0;1;0;1
80920;Penna;NA;pv;SP;3;3;1;0;1;0;1;0;3;0;3;1;1;3;3;1;1;1;0;NA
160601;PrMarcoFeliciano;NA;psc;SP;1;3;0;1;1;1;1;0;0;1;1;1;1;3;3;0;1;1;1;1
160639;ProfessoraDorinhaSeabraRezende;NA;dem;TO;1;3;1;1;0;0;1;0;0;0;1;1;1;0;0;1;1;1;1;1
74048;RaulJungmann;NA;pps;PE;3;3;1;1;0;0;0;3;1;3;0;0;3;0;0;0;0;3;0;NA
73805;RobertoFreire;NA;pps;SP;3;1;1;1;0;0;0;0;1;0;1;1;1;3;0;0;0;NA;0;NA
160651;RogerioPeninhaMendonca;NA;pmdb;SC;1;0;1;1;1;1;1;1;1;1;1;1;0;1;1;1;0;1;1;1
191684;RosangelaCurado;NA;pdt;MA;;;;;;;;;;3;3;3;3;3;3;3;3;3;3;NA
178935;Rossoni;NA;psdb;PR;1;1;1;1;1;1;1;1;1;1;1;1;1;0;0;1;0;1;1;NA
74372;SandesJunior;NA;pp;GO;3;1;1;1;1;1;1;0;1;1;1;1;1;1;0;1;1;1;1;NA
74765;SilasBrasileiro;NA;pmdb;MG;1;1;1;1;3;1;3;3;1;3;1;3;0;3;3;1;1;1;1;NA
187008;SilasFreire;NA;pr;PI;0;1;1;1;1;1;0;1;0;0;0;1;1;1;1;1;0;1;0;NA
NA;1;NA;0;3;;;;;;;;;;3;3;3;3;3;3;;;;;NA
NA;1;NA;3;3;;;;;;;;;;3;3;NA;3;3;3;;;;;NA
73424;1aoSes1;NA;pp;RJ;1;3;3;3;1;1;3;3;1;3;1;3;3;1;1;3;3;3;3;1
160610;ValmirAssuncao;NA;pt;BA;0;1;1;0;0;0;0;0;0;0;0;1;1;1;1;1;0;1;0;NA
137853;WadsonRibeiro;NA;pcdob;MG;0;0;1;0;0;0;0;0;0;1;0;1;1;1;1;0;0;1;0;NA
160631;WalneyRocha;NA;ptb;RJ;1;0;0;1;1;1;1;1;1;1;1;1;0;0;0;1;0;1;1;NA
141560;WalterIhoshi;NA;psd;SP;3;1;NA;1;1;1;1;1;1;0;1;1;0;1;1;0;0;1;0;NA
141563;WilliamWoo;NA;pv;SP;3;3;3;3;3;NA;3;3;1;3;0;3;3;1;0;3;3;3;3;NA
178902;ZecadoPt;NA;pt;MS;0;1;1;0;3;3;0;0;0;0;0;1;3;1;1;1;0;3;1;0
